ID,name,email
100,Vanessa,Vanessa@yopmail.com
101,Joeann,Joeann@yopmail.com
102,Flo,Flo@yopmail.com
103,Bobinette,Bobinette@yopmail.com
104,Katuscha,Katuscha@yopmail.com
105,Allyce,Allyce@yopmail.com
106,Zaria,Zaria@yopmail.com
107,Ardeen,Ardeen@yopmail.com
108,Danika,Danika@yopmail.com
109,Loree,Loree@yopmail.com
110,Maye,Maye@yopmail.com
111,Louella,Louella@yopmail.com
112,Mathilda,Mathilda@yopmail.com
113,Romona,Romona@yopmail.com
114,Dania,Dania@yopmail.com
115,Rosaline,Rosaline@yopmail.com
116,Raquela,Raquela@yopmail.com
117,Loree,Loree@yopmail.com
118,Ardeen,Ardeen@yopmail.com
119,Dominga,Dominga@yopmail.com
120,Bernardine,Bernardine@yopmail.com
121,Doro,Doro@yopmail.com
122,Ninnetta,Ninnetta@yopmail.com
123,Helsa,Helsa@yopmail.com
124,Christal,Christal@yopmail.com
125,Alie,Alie@yopmail.com
126,Kaia,Kaia@yopmail.com
127,Zsa Zsa,Zsa Zsa@yopmail.com
128,Clarice,Clarice@yopmail.com
129,Deirdre,Deirdre@yopmail.com
130,Winifred,Winifred@yopmail.com
131,Hyacinthe,Hyacinthe@yopmail.com
132,Morganica,Morganica@yopmail.com
133,Ivett,Ivett@yopmail.com
134,Aubrie,Aubrie@yopmail.com
135,Jemie,Jemie@yopmail.com
136,Ashlee,Ashlee@yopmail.com
137,Joleen,Joleen@yopmail.com
138,Lolita,Lolita@yopmail.com
139,Glynnis,Glynnis@yopmail.com
140,Alisha,Alisha@yopmail.com
141,Fanny,Fanny@yopmail.com
142,Rosaline,Rosaline@yopmail.com
143,Pierette,Pierette@yopmail.com
144,Mariann,Mariann@yopmail.com
145,Hallie,Hallie@yopmail.com
146,Lanna,Lanna@yopmail.com
147,Fernande,Fernande@yopmail.com
148,Stevana,Stevana@yopmail.com
149,Kirbee,Kirbee@yopmail.com
150,Joleen,Joleen@yopmail.com
151,Rosaline,Rosaline@yopmail.com
152,Minne,Minne@yopmail.com
153,Donnie,Donnie@yopmail.com
154,Gwenneth,Gwenneth@yopmail.com
155,Corry,Corry@yopmail.com
156,Aaren,Aaren@yopmail.com
157,Christal,Christal@yopmail.com
158,Harmonia,Harmonia@yopmail.com
159,Jan,Jan@yopmail.com
160,Wileen,Wileen@yopmail.com
161,Sindee,Sindee@yopmail.com
162,Latisha,Latisha@yopmail.com
163,Robinia,Robinia@yopmail.com
164,Frances,Frances@yopmail.com
165,Tierney,Tierney@yopmail.com
166,Dagmar,Dagmar@yopmail.com
167,Bibby,Bibby@yopmail.com
168,Cacilie,Cacilie@yopmail.com
169,Deirdre,Deirdre@yopmail.com
170,Peri,Peri@yopmail.com
171,Lindie,Lindie@yopmail.com
172,Flo,Flo@yopmail.com
173,Morganica,Morganica@yopmail.com
174,Robbi,Robbi@yopmail.com
175,Tina,Tina@yopmail.com
176,Doro,Doro@yopmail.com
177,Elvira,Elvira@yopmail.com
178,Cherrita,Cherrita@yopmail.com
179,Neila,Neila@yopmail.com
180,Jessamyn,Jessamyn@yopmail.com
181,Tilly,Tilly@yopmail.com
182,Kaja,Kaja@yopmail.com
183,Sam,Sam@yopmail.com
184,Mamie,Mamie@yopmail.com
185,Kittie,Kittie@yopmail.com
186,Rosanne,Rosanne@yopmail.com
187,Gratia,Gratia@yopmail.com
188,Emilia,Emilia@yopmail.com
189,Oralee,Oralee@yopmail.com
190,Karena,Karena@yopmail.com
191,Chickie,Chickie@yopmail.com
192,Sabina,Sabina@yopmail.com
193,Florie,Florie@yopmail.com
194,Helena,Helena@yopmail.com
195,Marcelline,Marcelline@yopmail.com
196,Jenda,Jenda@yopmail.com
197,Zia,Zia@yopmail.com
198,Liana,Liana@yopmail.com
199,Raf,Raf@yopmail.com
199,fehre,aaa_feh@data.com
200,jose,jose@altavisa.com

